,url
0,https://www.linkedin.com/in/s-jaya-shankar-b1958111/
1,https://www.linkedin.com/in/priya-chandrashekar-6571242a/
2,https://www.linkedin.com/in/mahesh-khadtare-3650976/
3,https://www.linkedin.com/in/raaj-shing-b0085b157/
4,https://www.linkedin.com/in/supriya-jakkula-4b21381a/detail/contact-info/
5,https://www.linkedin.com/in/sukhavasi/
6,https://www.linkedin.com/in/biering/
7,https://www.linkedin.com/in/senthil-raja-gunaseela-boopathy-27917417/
8,https://www.linkedin.com/in/supriya-jakkula-4b21381a/
9,https://www.linkedin.com/in/harsh-raj-a0861816b/
10,https://www.linkedin.com/in/nmuthukumar/
11,https://www.linkedin.com/in/pratiklodha/
12,https://www.linkedin.com/in/lennart-lund-7a60a191/
13,https://www.linkedin.com/in/srinivasaguptacheedella/
14,https://www.linkedin.com/in/mohan-kumaraswamy-1b077261/
15,https://www.linkedin.com/in/deeksha-n-32ba98141/
16,https://www.linkedin.com/in/adinarayana-kamalapuram-1520a730/
17,https://www.linkedin.com/in/nagendra-modupalli-7111bb20/
18,https://www.linkedin.com/in/jarugula/
19,https://www.linkedin.com/in/phani-kumar-penmatsha-23838888/
20,https://www.linkedin.com/in/thamizh-chelvan-k-1758a220/
21,https://www.linkedin.com/in/swakath-umamakeshwaran-57b2a717b/
22,https://www.linkedin.com/in/ashu1807/
23,https://www.linkedin.com/in/sowmya-karumanchi-427684117/
24,https://www.linkedin.com/in/vivek-mishra-iit/
25,https://www.linkedin.com/in/ramkumargudivada/
26,https://www.linkedin.com/in/jayakishor-y-77937952/
27,https://www.linkedin.com/in/pvs-harshith-a47a01152/
28,https://www.linkedin.com/in/pavan-boragunde-4b118a160/detail/interests/
29,https://www.linkedin.com/in/iit-guwahati-49652135/
30,https://www.linkedin.com/in/ashish010/
31,https://www.linkedin.com/in/surendra-boppana-7218746/
32,https://www.linkedin.com/in/sviswadoss/
33,https://www.linkedin.com/in/sumeet-v-1283a988/
34,https://www.linkedin.com/in/rajeev-lochan-777a7a13/
35,https://www.linkedin.com/in/g-ravi-kumar-3a25a124/
36,https://www.linkedin.com/in/rishi-yadav-3b9909143/
37,https://www.linkedin.com/in/venkata-ramana-eaga-47269928/
38,https://www.linkedin.com/in/mehtaritesh/
39,https://www.linkedin.com/in/devendra-verma-b13072b/
40,https://www.linkedin.com/in/jabaraj-sam-francis-593bb737/
41,https://www.linkedin.com/in/sai-smaran-nanduru-343980127/
42,https://www.linkedin.com/in/shubham-wani-b17b2315a/
43,https://www.linkedin.com/in/riya-toteja-41415215b/
44,https://www.linkedin.com/in/venkateswarlu-kakumani-90450812/
45,https://www.linkedin.com/in/aneesh-peterson-58aa9015/
46,https://www.linkedin.com/in/najmataj/
47,https://www.linkedin.com/in/umesh-bankaria-5842564/
48,https://www.linkedin.com/in/paritosh-gavali-936aa3178/
49,https://www.linkedin.com/in/balabharathi-d-8a556012/
50,https://www.linkedin.com/in/yash-singh-8a6170186/
51,https://www.linkedin.com/in/ianbremmer/
52,https://www.linkedin.com/in/senthil-arunachalam-3951399/
53,https://www.linkedin.com/in/per-%C3%B8stergaard-8653945/
54,https://www.linkedin.com/in/anne-s-petersen-5741aa8/
55,https://www.linkedin.com/in/aastha-verma-11101996/
56,https://www.linkedin.com/in/pallakirankumar/
57,https://www.linkedin.com/in/sadasivarao/
58,https://www.linkedin.com/in/bhuvangarikapati/
59,https://www.linkedin.com/in/suneelatmakuri/
60,https://www.linkedin.com/in/venugopalraman/
61,https://www.linkedin.com/in/panvavatsikos/
62,https://www.linkedin.com/in/gagan-bhambore-57100317b/
63,https://www.linkedin.com/in/meghana-singamaneni-b5258617b/
64,https://www.linkedin.com/in/paramasivan-petchimuthu-12b179bb/
65,https://www.linkedin.com/in/kaswinseshadri/
66,https://www.linkedin.com/in/alok-divya-7b048713b/
67,https://www.linkedin.com/in/bhaskar-sahu-857ab3165/
68,https://www.linkedin.com/in/satyaranjan-jena-650a78171/
69,https://www.linkedin.com/in/arti-rawat-33b18b175/
70,https://www.linkedin.com/in/vijayabharathi-chelladurai-6b066b1b/
71,https://www.linkedin.com/in/lingarajaukdspembedded/
72,https://www.linkedin.com/in/sunil-bali-0bab7317/
73,https://www.linkedin.com/in/rohan-shrothrium-8913a4179/
74,https://www.linkedin.com/in/rohansheelvant/
75,https://www.linkedin.com/in/dr-srinivas-deshpande-md-2a673332/
76,https://www.linkedin.com/in/swastik-swarup-meher-904a51171/
77,https://www.linkedin.com/in/komal-kumar-dhote-362b4210/
78,https://www.linkedin.com/in/eoliveiratek/
79,https://www.linkedin.com/in/pritammohanty/
80,https://www.linkedin.com/in/mikael-dag%C3%B8-67b08411/
81,https://www.linkedin.com/in/nikhileshreddyp/
82,https://www.linkedin.com/in/balkrishan-ahirwal-4569b44/
83,https://www.linkedin.com/in/sakthivelmsundharam/
84,https://www.linkedin.com/in/jessy-joyal-50a432154/
85,https://www.linkedin.com/in/apeksha-patil-739213107/
86,https://www.linkedin.com/in/shivani-bansal-87704ab4/
87,https://www.linkedin.com/in/adhokshaja-madhwaraj-7aa63b172/
88,https://www.linkedin.com/in/harini-dandu-146bab168/
89,https://www.linkedin.com/in/soma-siddhartha-a1a540170/
90,https://www.linkedin.com/in/yamini-nimmagadda-6677a08/
91,https://www.linkedin.com/in/tamilarasan-inbasekaran-35a415123/
92,https://www.linkedin.com/in/humzanama/
93,https://www.linkedin.com/in/khushboo-singh-a71b53122/
94,https://www.linkedin.com/in/umamaheswari-varatharajan-50b14555/
95,https://www.linkedin.com/in/arpit-shukla-311003160/
96,https://www.linkedin.com/in/swarnalatha-m-967a1018/
97,https://www.linkedin.com/in/prakash-pattisapu-09186ba/
98,https://www.linkedin.com/in/asha-jyothi-b843b762/
99,https://www.linkedin.com/in/babul-pratap-4b2404135/
100,https://www.linkedin.com/in/sambasivarao-inaganti-36977872/
101,https://www.linkedin.com/in/raghavendra-rao-b-v-13ba301a/
102,https://www.linkedin.com/in/sanjeet-dwivedi-fellow-iet-uk-smieee-ph-d-1660465/
103,https://www.linkedin.com/in/svp19/
104,https://www.linkedin.com/in/vashwanth/
105,https://www.linkedin.com/in/sairampamulapati/
106,https://www.linkedin.com/in/govarthanan-v-33353622/
107,https://www.linkedin.com/in/srivishnu-ranganathan-7855738/
108,https://www.linkedin.com/in/narendramodi/
109,https://www.linkedin.com/in/srikar-a-207412162/
110,https://www.linkedin.com/in/manoonmani-gopalakrishnan-36b49622/
111,https://www.linkedin.com/in/margaret-petersen-a42b88/
112,https://www.linkedin.com/in/niveditha-santhosh-44903b76/
113,https://www.linkedin.com/in/samveed-desai-64904912a/
114,https://www.linkedin.com/in/dinakara-pandian-p-37bb117/
115,https://www.linkedin.com/in/punyashlok-p-b026b613b/
116,https://www.linkedin.com/in/pavan-boragunde-4b118a160/
117,https://www.linkedin.com/in/rnsasidhar/
118,https://www.linkedin.com/in/rishabh-tripathi-5bbb6379/
119,https://www.linkedin.com/in/inagantisunil/
120,https://www.linkedin.com/in/jerome-daniel-7856aa1/
121,https://www.linkedin.com/in/ravikumar-rangasamy-aa9a8535/
122,https://www.linkedin.com/in/karthigeyan-natanam-21146421/
123,https://www.linkedin.com/in/atharvashinde/
124,https://www.linkedin.com/in/embeddedbarr/
125,https://www.linkedin.com/in/veera-sekharappa-mandalem-1716947/
126,https://www.linkedin.com/in/vijay-kumar-3a046816/
127,https://www.linkedin.com/in/shreyas-sathe-9b66b4172/
128,https://www.linkedin.com/in/praveen-k-singh-pks/
129,https://www.linkedin.com/in/venkata-ratnam-myneni-5a931a17/
130,https://www.linkedin.com/in/jayadevrao-inaganti-897aa051/
131,https://www.linkedin.com/in/pramod-yenigalla/
132,https://www.linkedin.com/in/srinivas-nannapaneni-86925019/
133,https://www.linkedin.com/in/kartik-kataria-4961a1181/
134,https://www.linkedin.com/in/shamantha-s-77b23623/
135,https://www.linkedin.com/in/jackie-middelhede-0b0a9110b/
136,https://www.linkedin.com/in/dipali-singh-a1a84717a/
137,https://www.linkedin.com/in/tina-lykke-215a0832/
138,https://www.linkedin.com/in/rahul-kumar-a78827160/
139,https://www.linkedin.com/in/sasidhar-reddy-arava-43555861/
140,https://www.linkedin.com/in/abhishek-kalokhe-b27250172/
141,https://www.linkedin.com/in/zhao-qi-b0706912/
142,https://www.linkedin.com/in/sakthivel-perumal-13342463/
143,https://www.linkedin.com/in/chandra-karnati-21004165/
144,https://www.linkedin.com/in/shruti-patel-b19003168/
145,https://www.linkedin.com/in/alexcma/
146,https://www.linkedin.com/in/nikhil-thupalli-siva-06725227/
147,https://www.linkedin.com/in/ruth-austin-aa71a058/
148,https://www.linkedin.com/in/dennis-sehrt-2183a491/
149,https://www.linkedin.comhttps://www.linkedin.com/in/supriya-jakkula-4b21381a
150,https://www.linkedin.com/in/chandan-singh-solanki-40a395168/
151,https://www.linkedin.com/in/sree-ramu-karlapati-8546a0170/
152,https://www.linkedin.com/in/karthiyayini-manoharan-364038110/
153,https://www.linkedin.com/in/ajay-abburi-9955ba1b/
154,https://www.linkedin.com/in/nikhilesh-thakur-270a98131/
155,https://www.linkedin.com/in/naveen-kumar-boggarpu-95990416/
156,https://www.linkedin.com/in/aman-luthra-7b3873179/
157,https://www.linkedin.com/in/manikandan-ramachandran-06699717/
158,https://www.linkedin.com/in/dr-vijay-kumar-burugari-99904616/
159,https://www.linkedin.com/in/elankumaran-k-a34519b5/
160,https://www.linkedin.com/in/kim-petersen-a6827a74/
161,https://www.linkedin.com/in/srikanthmuralidhara/
162,https://www.linkedin.com/in/lokesh-kumar-50b033146/
163,https://www.linkedin.com/in/jugantakbansal/
164,https://www.linkedin.com/in/vihang-puranik/
165,https://www.linkedin.com/in/anda-grarup-639b6a53/
166,https://www.linkedin.com/in/soujanya-bolla-32243263/
167,https://www.linkedin.com/in/vishnu3741/
168,https://www.linkedin.com/in/logeswaran-thamaraiselvan-8ba7171b/
169,https://www.linkedin.com/in/senthil-kumar-n-l-8851329/
170,https://www.linkedin.com/in/sharmila-chinnasamy-9a113111a/
171,https://www.linkedin.com/in/appala-raju-muvvala-ba239b23/
172,https://www.linkedin.com/in/sudhakar-nannapaneni-96104b16/
173,https://www.linkedin.com/in/abhilasha-soni-32077435/
174,https://www.linkedin.com/in/santhosh-raghavan-a0155812/
175,https://www.linkedin.com/in/pvgopalarao/
176,https://www.linkedin.com/in/n-veera-venkata-sai-rama-teja-b6ba02172/
177,https://www.linkedin.com/in/ajaysmurthy/
178,https://www.linkedin.com/in/shubham-barkale-699603135/
179,https://www.linkedin.com/in/kaustubh-draxe/
180,https://www.linkedin.com/in/alifkhan-b-80985585/
181,https://www.linkedin.com/in/chayan-gadia-0b7b11159/
182,https://www.linkedin.com/in/shreyas-hondadakatti-86057717b/
183,https://www.linkedin.com/in/jayasri-r-059624b0/
184,https://www.linkedin.com/in/muthumariduraisamy/
185,https://www.linkedin.com/in/aman-jaiswal-8b008415b/
186,https://www.linkedin.com/in/ashwani-gupta-96a562b/
187,https://www.linkedin.com/in/naimesh-thakkar-461491/
188,https://www.linkedin.com/in/piratheepan-indi-veerasingam-30781b56/
189,https://www.linkedin.com/in/hunterwalk/
190,https://www.linkedin.com/in/pranab-banerjee/
191,https://www.linkedin.com/in/prathibha-sudhahar-119a6221/
192,https://www.linkedin.com/in/suresh-kumar-a4527326/
193,https://www.linkedin.comhttps://www.linkedin.com/in/subhashgaitonde
194,https://www.linkedin.com/in/christopherthanaraj/
195,https://www.linkedin.com/in/khyati-desai/
196,https://www.linkedin.com/in/shivani-gaur-3775a498/
197,https://www.linkedin.com/in/chinnathambi-muthusamy-52424913/
198,https://www.linkedin.com/in/prema-leela-doddapaneni-44605255/
199,https://www.linkedin.com/in/kumarsagar09/
200,https://www.linkedin.com/in/albertomorando/
201,https://www.linkedin.com/in/mnitish-kumar-027988173/
202,https://www.linkedin.com/in/prapoorna-inaganti-b3b4a831/
203,https://www.linkedin.com/in/shira-smith-94a538188/
204,https://www.linkedin.com/in/ruchika-malhotra-2779a572/
205,https://www.linkedin.com/in/md-rizwan-ansari-514417155/
206,https://www.linkedin.com/in/shikhar-kothari-451ab0106/
207,https://www.linkedin.com/in/jeyasingh-pathrose-37979a1/
208,https://www.linkedin.com/in/sandhya-varanasi-677a0459/
209,https://www.linkedin.com/in/saravanan-g-r-a5a51a42/
210,https://www.linkedin.com/in/devanshu-agarwal-36bb93151/
211,https://www.linkedin.com/in/a-k-873318173/
212,https://www.linkedin.com/in/bhavesh-dhingra/
213,https://www.linkedin.com/in/gobika-s-0764aa30/
214,https://www.linkedin.com/in/amogh-dasture-bb5bb8184/
215,https://www.linkedin.com/in/srikanth-singamaneni-600ab85/
216,https://www.linkedin.com/in/ojasvi-kumar-749498175/
217,https://www.linkedin.com/in/kalyan-ganta-65a983113/
218,https://www.linkedin.com/in/sri-vishnu-varthalu-doraiswamy-a9ab17a1/
219,https://www.linkedin.com/in/kannan-p-82967a24/
220,https://www.linkedin.com/in/venkatakowsikt/
221,https://www.linkedin.com/in/subhashgaitonde/detail/interests/
222,https://www.linkedin.com/in/gurusiddappa-hugar-107313110/
223,https://www.linkedin.com/in/sureshbabur8/
224,https://www.linkedin.com/in/subhamoy-ghosh-36a9a730/
225,https://www.linkedin.com/in/pradeepkumartamma/
226,https://www.linkedin.com/in/austeja-linkeviciute-44093990/
227,https://www.linkedin.com/in/akash-das-155780126/
228,https://www.linkedin.com/in/gangadhar-m-48b2813a/
229,https://www.linkedin.com/in/kshitiz-singhal-94659714a/
230,https://www.linkedin.com/in/jaiganesh-p-4ab937b3/
231,https://www.linkedin.com/in/vinnakota-sai-sujeeth-791a97148/
232,https://www.linkedin.com/in/gaurav-tiwari-696582a1/
233,https://www.linkedin.com/in/agnes-amreetha-38051919/
234,https://www.linkedin.com/in/hannes-vahldiek-16b0088b/
235,https://www.linkedin.com/in/sumit-kumar-bishoyi-9a3401144/
236,https://www.linkedin.com/in/vikas-jain-74a17714/
237,https://www.linkedin.com/in/subhashgaitonde/
238,https://www.linkedin.com/in/peter-lloyd-195a2a3/
239,https://www.linkedin.com/in/nithya-e-237b20b2/
240,https://www.linkedin.com/in/nikshep-maknoor/
241,https://www.linkedin.com/in/sreedhar-reddy-894377176/
242,https://www.linkedin.com/in/yadhunandan-u-s-b829165/
243,https://www.linkedin.com/in/johnfwelch/
244,https://www.linkedin.com/in/kanimozhi-thangappan-45a76411/
245,https://www.linkedin.com/in/smtmtl23/
246,https://www.linkedin.com/in/vishalchoudhari/
247,https://www.linkedin.com/in/anudeep-tubati/
248,https://www.linkedin.com/in/gandhisagar5/
249,https://www.linkedin.com/in/chidambaram-khandavalli-5960a013/
250,https://www.linkedin.com/in/krishna-mouli-tankala-3b481644/
251,https://www.linkedin.com/in/jay-garchar-2a662717b/
252,https://www.linkedin.com/in/ashrith-kumar-a1b379179/
253,https://www.linkedin.com/in/manas-ranjan-sahu-7b49ab156/
254,https://www.linkedin.com/in/hemanth-surya-891b63143/
255,https://www.linkedin.com/in/kunal-kumar-66921116b/
256,https://www.linkedin.com/in/abhishek-r-1aa98b113/
257,https://www.linkedin.com/in/hari-krishna-796b6712/
258,https://www.linkedin.com/in/gaurang-buch-1b502a36/
259,https://www.linkedin.com/in/arpit--agrawal/
260,https://www.linkedin.com/in/subha-lakshminarayanan-195398107/
261,https://www.linkedin.com/in/vigneswaranjagadeesan/
262,https://www.linkedin.com/in/gunnar-zank-61aa266/
263,https://www.linkedin.com/in/himanshu-kumar-kannaujia-ab835217a/
264,https://www.linkedin.com/in/chandrasrk/
265,https://www.linkedin.com/in/jinit-sanghvi-4329a016b/
266,https://www.linkedin.com/in/udaykumar-allwarswamy-487b5ba/
267,https://www.linkedin.com/in/karthikeyanj/
268,https://www.linkedin.com/in/balaji-chegu/
269,https://www.linkedin.com/in/hnpatel81/
270,https://www.linkedin.com/in/zilan-basha-shaik-513a4012/
271,https://www.linkedin.com/in/rohandeshpande21/
272,https://www.linkedin.com/in/mhogsbjerg/
273,https://www.linkedin.com/in/rajesh-ramachandran-2859a010/
274,https://www.linkedin.com/in/ajayv3/
275,https://www.linkedin.com/in/subhashgaitonde/detail/recent-activity/
276,https://www.linkedin.com/in/sameer-dohadwalla-04a080170/
277,https://www.linkedin.com/in/jarmo-k%C3%A4rkk%C3%A4inen-945982aa/
278,https://www.linkedin.com/in/elin-uppdal-7212b310/
279,https://www.linkedin.com/in/prabhakar-jha-b64b67133/
280,https://www.linkedin.com/in/dr-abhinav-gupta-774a497a/
281,https://www.linkedin.com/in/thara-rajan-1293b435/
282,https://www.linkedin.com/in/vaibhav-sridhar-768738161/
283,https://www.linkedin.com/in/baishnaba-kumbhar-45aa78171/
284,https://www.linkedin.com/in/venkatachalamn/
285,https://www.linkedin.com/in/manoharreddyporeddy/
286,https://www.linkedin.com/in/claus-nielsen-185b4418/
287,https://www.linkedin.com/in/basak-onut-gierth-cpa-tr-mba-b921134/
288,https://www.linkedin.com/in/supriya-jakkula-4b21381a/detail/interests/
289,https://www.linkedin.com/in/pradeepgogineni/
290,https://www.linkedin.com/in/lokeshnirania/
291,https://www.linkedin.com/in/ananthapadmanabana/
292,https://www.linkedin.com/in/juan-luis-gonz%C3%A1lez-exp%C3%B3sito-95313118/
293,https://www.linkedin.com/in/ananth-kumar-selvaraj/
294,https://www.linkedin.com/in/phani-tirthala-781b65179/
295,https://www.linkedin.com/in/sanjeevikumarpadmanaban/
296,https://www.linkedin.com/in/narasimha-sastry-03a128155/
297,https://www.linkedin.com/in/torben-flindt-dahl-53361412/
298,https://www.linkedin.com/in/pranay-raj/
299,https://www.linkedin.com/in/sanjayrpai/
300,https://www.linkedin.com/in/prateekpatidar/
301,https://www.linkedin.com/in/ritvik-teja-0653a4180/
302,https://www.linkedin.com/in/suresh-s-80801a8b/
303,https://www.linkedin.com/in/guykawasaki/
304,https://www.linkedin.com/in/sumitsingh17/
305,https://www.linkedin.com/in/yedakula-d-580b46119/
306,https://www.linkedin.com/in/surendra-achanti-5929b039/
307,https://www.linkedin.com/in/deepak-h-r-788139171/
308,https://www.linkedin.com/in/harshalgajjar/
309,https://www.linkedin.com/in/mandeep-bawa-972959179/
310,https://www.linkedin.com/in/cig-iitroorkee/
311,https://www.linkedin.com/in/sohan-anisetty-b10188175/
312,https://www.linkedin.com/in/supriya-jakkula-4b21381a/detail/treasury/summary/?entityUrn=urn%3Ali%3Afs_treasuryMedia%3A(ACoAAAPvV8YBU5vRVGGfiZ_muvh7b_ThFaiSr8g%2C51151979)&section=summary&treasuryCount=1
313,https://www.linkedin.com/in/kakoli-das-371320123/
314,https://www.linkedin.com/in/amitkumar00/
315,https://www.linkedin.com/in/aditya-chebiyyam-1275ab11/
316,https://www.linkedin.com/in/karthickraja/
317,https://www.linkedin.com/in/saswat-meher-924775168/
318,https://www.linkedin.com/in/radha-koteru-37b82a149/
319,https://www.linkedin.com/in/murali-gada-28687821/
320,https://www.linkedin.com/in/srinivasa-rao-uppala-02a2442/
321,https://www.linkedin.com/in/nthangarajan/
322,https://www.linkedin.com/in/avinash-kumar-singh-671a21131/
323,https://www.linkedin.com/in/usama-khidir-37271213b/
324,https://www.linkedin.com/in/yash-doshi-392647166/
325,https://www.linkedin.com/in/wahidennisa-rahiman-a7572257/
326,https://www.linkedin.com/in/anjali-guruvayyanvar-13b6a3117/
327,https://www.linkedin.com/in/sourabh-ranjan-bag-131817156/
328,https://www.linkedin.com/in/tejendra-j-b39836146/
329,https://www.linkedin.com/in/avinash-singh-141aa3153/
330,https://www.linkedin.com/in/pradeep-kumar-srivastava-1a89036/
331,https://www.linkedin.com/in/amita-mevada-17768455/
332,https://www.linkedin.com/in/ssmanyam/
333,https://www.linkedin.com/in/sampath-vinay-0a8342150/
334,https://www.linkedin.com/in/ashwin-k-34ba6b6/
335,https://www.linkedin.com/in/sreenivaschintada/
336,https://www.linkedin.com/in/venkat-athaluri-225609187/
337,https://www.linkedin.com/in/jeffweiner08/
338,https://www.linkedin.com/in/vaishnavi-patil-75a714173/
339,https://www.linkedin.com/in/mhatremandar/
340,https://www.linkedin.com/in/alifkhan-b-8babb983/
341,https://www.linkedin.com/in/sonu-sourav-37b459149/
342,https://www.linkedin.com/in/dasaradhakanaparthi/
343,https://www.linkedin.com/in/kondalarao-abburi-ab1217b/
344,https://www.linkedin.com/in/prabaharan-rajagopal-95048a29/
345,https://www.linkedin.com/in/jeba-sangeetha-437767ab/
346,https://www.linkedin.com/in/kasam-pardhu-031960150/
347,https://www.linkedin.com/in/kumar-dondapati-67776514/
348,https://www.linkedin.com/in/shailaja-bhogavalli-71228489/
349,https://www.linkedin.com/in/pradyumna-c-a652b117a/
350,https://www.linkedin.com/in/nitish-kumar-sah-2b0017149/
351,https://www.linkedin.com/in/neha-gahlot-a5323a27/
352,https://www.linkedin.com/in/sudheer-achanti-smc%E2%84%A2-itil%C2%AE-b48b1710a/
353,https://www.linkedin.com/in/lise-andersen-linnebjerg-ab15658/
354,https://www.linkedin.com/in/lars-thordsen-75253522/
355,https://www.linkedin.com/in/sri-varsha-pendem-98b58517b/
356,https://www.linkedin.com/in/kalaivani-ponnudurai-99038928/
357,https://www.linkedin.com/in/mallela-niteesh/
358,https://www.linkedin.com/in/leeladhar-choudary-05251619/
359,https://www.linkedin.com/in/nathiya-xavier-b25768132/
360,https://www.linkedin.com/in/victor-jd-37118947/
361,https://www.linkedin.com/in/anvesh-chitturi-1ba0a9172/
362,https://www.linkedin.com/in/sreenivasarao-chunduri-81bb154a/
363,https://www.linkedin.com/in/ukchaitanya/
364,https://www.linkedin.com/in/arunbaby0/
365,https://www.linkedin.com/in/justintrudeau/
366,https://www.linkedin.com/in/shubham-deshpande-a755bb151/
367,https://www.linkedin.com/in/piyush-dharpure-techfest-2k18/
368,https://www.linkedin.com/in/sanam-bhanu/
369,https://www.linkedin.com/in/jeyasathya-jeyaramam-b8509b145/
370,https://www.linkedin.com/in/akshat-karani/
371,https://www.linkedin.com/in/dennis-ingemann-jakobsen-151a22b0/
372,https://www.linkedin.com/in/vijayalakshmi-rajarajan-1a75858/
373,https://www.linkedin.com/in/satpaliitd/
374,https://www.linkedin.com/in/kanekalvenkata-yeshwanth-964538172/
375,https://www.linkedin.com/in/sai-sameer-vennam-0a6228120/
376,https://www.linkedin.com/in/sonimanish/
377,https://www.linkedin.com/in/hritik-kumar-95b894157/
378,https://www.linkedin.com/in/ponkarthy-sudhandra-sekaran-b0546b9/
379,https://www.linkedin.com/in/karthik-rajagopal-7a83a9a/
380,https://www.linkedin.com/in/deepak-kumar-behera-842632b7/
381,https://www.linkedin.com/in/narkedamilly-bhaswath-3a884173/
382,https://www.linkedin.com/in/shriansh-pandey-313a41111/
383,https://www.linkedin.com/in/ayyapu-gowrinath-98542b154/
384,https://www.linkedin.com/in/gautamjagdhish/
385,https://www.linkedin.com/in/arif-syed/
386,https://www.linkedin.com/in/prapulla-qualcomm-60620789/
387,https://www.linkedin.com/in/sreenivasulu-c-b-tech-civil-m-tech-struct-1b652711/
388,https://www.linkedin.com/in/suresh-kurmi-5bb60b6/
389,https://www.linkedin.com/in/venkatesh-lakshmana-2683b33/
390,https://www.linkedin.com/in/rohan-savakar-a0864869/
391,https://www.linkedin.com/in/lars-nielsen-a596385/
392,https://www.linkedin.com/in/prateek-jain-aa0302179/
393,https://www.linkedin.com/in/baliram-chaurasiya-5b716b170/
394,https://www.linkedin.com/in/yashika-choudhary-a90547152/
395,https://www.linkedin.com/in/aneesh-koyadan-choikunnel/
396,https://www.linkedin.com/in/gayathri-narayanan-24329b112/
397,https://www.linkedin.com/in/deepa-eapen-5a675b41/
398,https://www.linkedin.com/in/jyothi-kiran-madana-b5774399/
399,https://www.linkedin.com/in/smita2809mishra/
400,https://www.linkedin.com/in/bharat-chaniara-b7200117/
401,https://www.linkedin.com/in/ashishgup1/
402,https://www.linkedin.com/in/phanindra-vemuganti-220a74179/
403,https://www.linkedin.com/in/ramanathan-muthiah-a19b687/
404,https://www.linkedin.com/in/sasikumar-mayandi-16623bb0/
405,https://www.linkedin.com/in/pavan-boragunde-4b118a160/detail/contact-info/
406,https://www.linkedin.com/in/rushikesh-dixit-a51376148/
407,https://www.linkedin.com/in/lakshmi-priya-n-787685b0/
408,https://www.linkedin.com/in/thivagar-t-b64b8511/
409,https://www.linkedin.com/in/gopalakrishnan-jagannathan-232571175/
410,https://www.linkedin.com/in/lars-hoffmann-berthelsen-31bb84/
411,https://www.linkedin.com/in/stephen-prabu-pmp%C2%AE-73378816/
412,https://www.linkedin.com/in/vmusunuri/
413,https://www.linkedin.com/in/mukul-sachan-4991425/
414,https://www.linkedin.com/in/suzanne-wensveen-hania-2465351/
415,https://www.linkedin.com/in/pratyasa-bhui-078b3248/
416,https://www.linkedin.com/in/lalit-verma-ab3949170/
417,https://www.linkedin.com/in/maj-britt-nystr%C3%B8m-851756137/
418,https://www.linkedin.com/in/rabindra-kumar-bhoi-61aa83171/
419,https://www.linkedin.com/in/shalaj-yadav-038098158/
420,https://www.linkedin.com/in/garyvaynerchuk/
421,https://www.linkedin.com/in/manjularadhakrishnan/
422,https://www.linkedin.comhttps://www.linkedin.com/in/pavan-boragunde-4b118a160
423,https://www.linkedin.com/in/gabriel-shitu-48b19563/
424,https://www.linkedin.com/in/rup-tirumal-sai-bodavula-69706917a/
425,https://www.linkedin.com/in/dharmesh/
426,https://www.linkedin.com/in/sekarbharath/
427,https://www.linkedin.com/in/anil-kumar-burugari-411bb315/
428,https://www.linkedin.com/in/praveen-raj-23b80990/
429,https://www.linkedin.com/in/manoj-p-50b14bb5/
430,https://www.linkedin.com/in/schristensens/
431,https://www.linkedin.com/in/ashish-k-b03914136/
432,https://www.linkedin.com/in/rajasekharbandaru/
433,https://www.linkedin.com/in/rishit-saiya-000aa3178/
434,https://www.linkedin.com/in/sharad-shetty-589b9520/
435,https://www.linkedin.com/in/swathika-r-b38770a9/
436,https://www.linkedin.com/in/sonali-dalai-4b3336156/
437,https://www.linkedin.com/in/nikhil-ingewad-516470163/
438,https://www.linkedin.com/in/subhashgaitonde/detail/contact-info/
439,https://www.linkedin.com/in/abdullah768/
440,https://www.linkedin.com/in/geetha-mallapillai-20184a107/
441,https://www.linkedin.com/in/aayush-fuskelay/
442,https://www.linkedin.com/in/devesh-ojha-87908849/
443,https://www.linkedin.com/in/tapan-meena-3439bb152/
444,https://www.linkedin.com/in/lakshminarayana-kamarthi-26235214/
445,https://www.linkedin.com/in/tejas-p-gotkhindi-50741122/
446,https://www.linkedin.com/in/ganesh-samarth/
447,https://www.linkedin.com/in/sumit-chopada-b2412314/
448,https://www.linkedin.com/in/paul-murugan-a2408379/
449,https://www.linkedin.com/in/subhamoy-rana-87187517a/
450,https://www.linkedin.com/in/ashrith-adepu-14273512a/
451,https://www.linkedin.com/in/shyam-sundar-padhan-712418172/
452,https://www.linkedin.com/in/prasad-thupalli-a018371/
453,https://www.linkedin.com/in/gittedavidsen/
454,https://www.linkedin.com/in/muralikrishna-velaga-ab04321a/
455,https://www.linkedin.com/in/mahendra-yadav/
